{
	"pages": [ //pages数组中第一项表示应用启动页，参考：https://uniapp.dcloud.io/collocation/pages
		{
			"path": "pages/index/index",
			"style": {
				"app-plus": {
					"titleNView": {
						"searchInput": {
							"align":"left",
							"backgroundColor": "#f7f7f7",
							"borderRadius": "4px", //输入框圆角
							"placeholder": "Hello world",
							"disabled": true, //disable时点击输入框不置焦，可以跳到新页面搜索
							"placeholderColor":"#CCCCCC"
						},
						"buttons": [{
							"color": "#868686",
							"colorPressed": "#FD6801",
							"float": "left",
							"fontSize": "22px",
							"fontSrc":"/static/font/iconfont.ttf",
							"text":"\ue67a"
						},
						{
							"color": "#868686",
							"colorPressed": "#FD6801",
							"float": "right",
							"fontSize": "22px",
							"fontSrc":"/static/font/iconfont.ttf",
							"text":"\ue661"
						}]
					}
				}
			}
		}, {
			"path": "pages/class/class",
			"style": {}
		}, {
			"path": "pages/my/my",
			"style": {}
		}, {
			"path": "pages/cart/cart",
			"style": {}
		}
	],
	"globalStyle": {
		"navigationBarTextStyle": "black",
		"navigationBarTitleText": "uni-app",
		"navigationBarBackgroundColor": "#FFFFFF",
		"backgroundColor": "#FFFFFF"
	},
	// tabbar
	"tabBar": {
		"color": "#BBBBBB",
		"selectedColor": "#FD6801",
		"borderStyle": "black",
		"backgroundColor": "#FFFFFF",
		"list": [{
			"pagePath": "pages/index/index",
			"iconPath": "static/tabbar/index.png",
			"selectedIconPath": "static/tabbar/indexSelected.png",
			"text": "首页"
		}, {
			"pagePath": "pages/class/class",
			"iconPath": "static/tabbar/class.png",
			"selectedIconPath": "static/tabbar/classSelected.png",
			"text": "分类"
		}, {
			"pagePath": "pages/cart/cart",
			"iconPath": "static/tabbar/cart.png",
			"selectedIconPath": "static/tabbar/cartSelected.png",
			"text": "购物车"
		}, {
			"pagePath": "pages/my/my",
			"iconPath": "static/tabbar/my.png",
			"selectedIconPath": "static/tabbar/mySelected.png",
			"text": "我的"
		}]
	}
}
