{
	"pages": [ 
		{
			"path": "pages/index/index",
			"style": {
				"app-plus":{
					"scrollIndicator":"none",
					"titleNView":{
						"searchInput":{
							"align":"left",
							"backgroundColor":"#F7F7F7",
							"borderRadius":"4px",
							"disabled":true,
							"placeholder":"智能积木 越野四驱车",
							"placeholderColor":"#CCCCCC"
						},
						"buttons":[
							{
								"color":"#989898",
								"colorPressed":"#FD6801",
								"float":"left",
								"fontSize":"22px",
								"fontSrc":"/static/font/iconfont.ttf",
								"text":"\ue67a"
							},
							{
								"color":"#989898",
								"colorPressed":"#FD6801",
								"float":"right",
								"fontSize":"22px",
								"fontSrc":"/static/font/iconfont.ttf",
								"text":"\ue661"
							}
						]
					}
				}
			}
		}
	    ,{
            "path" : "pages/class/class",
            "style": {
            	"app-plus":{
            		"scrollIndicator":"none",
					"bounce":"none",
            		"titleNView":{
            			"searchInput":{
            				"align":"left",
            				"backgroundColor":"#F7F7F7",
            				"borderRadius":"4px",
            				"disabled":true,
            				"placeholder":"智能积木 越野四驱车",
            				"placeholderColor":"#CCCCCC"
            			},
            			"buttons":[
            				{
            					"color":"#989898",
            					"colorPressed":"#FD6801",
            					"float":"right",
            					"fontSize":"22px",
            					"fontSrc":"/static/font/iconfont.ttf",
            					"text":"\ue67a"
            				}
            			]
            		}
            	}
            }
        }
        ,{
            "path" : "pages/cart/cart",
            "style" : {}
        }
        ,{
            "path" : "pages/my/my",
            "style" : {}
        }
        ,{
            "path" : "pages/ceshi/ceshi",
            "style" : {}
        }
        ,{
            "path" : "pages/search/search",
            "style": {
            	"app-plus":{
            		"scrollIndicator":"none",
            		"titleNView":{
            			"searchInput":{
            				"align":"left",
            				"backgroundColor":"#F7F7F7",
            				"borderRadius":"4px",
            				"disabled":false,
            				"placeholder":"智能积木 越野四驱车",
            				"placeholderColor":"#CCCCCC"
            			},
            			"buttons":[
            				{
            					"color":"#989898",
            					"colorPressed":"#FD6801",
            					"float":"right",
            					"fontSize":"16px",
            					"text":"搜索"
            				}
            			]
            		}
            	}
            }
        }
        ,{
            "path" : "pages/search-list/search-list",
            "style": {
            	"app-plus":{
            		"scrollIndicator":"none",
            		"titleNView":{
            			"searchInput":{
            				"align":"left",
            				"backgroundColor":"#F7F7F7",
            				"borderRadius":"4px",
            				"disabled":false,
            				"placeholder":"智能积木 越野四驱车",
            				"placeholderColor":"#CCCCCC"
            			},
            			"buttons":[
            				{
            					"color":"#989898",
            					"colorPressed":"#FD6801",
            					"float":"right",
            					"fontSize":"16px",
            					"text":"搜索"
            				}
            			]
            		}
            	}
            }
        }
        ,{
            "path" : "pages/detail/detail",
            "style" : {
				"app-plus":{
					"scrollIndicator":"none",
					"bounce":"none",
					"titleNView":{
						"type":"transparent",
						"buttons":[
							{
								"type":"menu"
							}
						]
					}
				}
			}
        }
        ,{
            "path" : "pages/detail-comment/detail-comment",
            "style" : {
				"navigationBarTitleText":"商品评价",
				"app-plus":{
					"scrollIndicator":"none",
					"bounce":"none"
				}
			}
        }
    ],
	// 全局配置
	"globalStyle": {
		"navigationBarTextStyle": "black",
		"navigationBarTitleText": "Hello world~",
		"navigationBarBackgroundColor": "#FFFFFF",
		"backgroundColor": "#FFFFFF"
	},
	"tabBar" : {
	    "color" : "#B5B5B5",
	    "selectedColor" : "#FD6801",
	    "borderStyle" : "black",
	    "backgroundColor" : "#FFFFFF",
	    "list" : [
	        {
				"pagePath":"pages/index/index",
				"text":"首页",
				"iconPath":"static/tabbar/index.png",
				"selectedIconPath":"static/tabbar/indexSelected.png"
	        },
			{
				"pagePath":"pages/class/class",
				"text":"分类",
				"iconPath":"static/tabbar/class.png",
				"selectedIconPath":"static/tabbar/classSelected.png"
			},
			{
				"pagePath":"pages/cart/cart",
				"text":"购物车",
				"iconPath":"static/tabbar/cart.png",
				"selectedIconPath":"static/tabbar/cartSelected.png"
			},
			{
				"pagePath":"pages/my/my",
				"text":"我的",
				"iconPath":"static/tabbar/my.png",
				"selectedIconPath":"static/tabbar/mySelected.png"
			}
	    ]
	}
}
